Block,Row,Col,X_ft,Y_ft,Plot_ID,Entry,Group,establishment_pct,Yield_bu_ac,protein,oil
B1,0,0,4,5.62,P001,AG34XF6,AG,81.44272144,42.9897002,8.530841575,1.311271874
B1,0,1,12,5.62,P025,LG3216,LG3216,80.56891481,45.73961883,6.610326123,1.963458038
B1,0,2,20,5.62,P049,AG40XFF5,AG,94.30288576,53.95093293,8.328875084,1.621324454
B1,0,3,28,5.62,P073,LG3216,LG3216,78.51197462,43.87132389,8.48484483,1.909969271
B1,0,4,36,5.62,P097,AG29XF4,AG,75.40357984,39.66178897,7.60078787,1.863323689
B1,1,0,4,16.88,P002,LG3216,LG3216,85.58253085,47.18043921,7.729723879,1.705359917
B1,1,1,12,16.88,P026,AG35XF5,AG,70.6585327,38.85656409,7.761182744,1.771123382
B1,1,2,20,16.88,P050,LG3216,LG3216,65.59073644,36.07122231,7.306042674,2.340097408
B1,1,3,28,16.88,P074,AG38XF6,AG,79.11509096,44.72519941,7.584188552,1.527647319
B1,1,4,36,16.88,P098,LG3216,LG3216,76.67557474,41.82284286,7.411932288,2.696181203
B1,2,0,4,28.12,P003,AG36XF4,AG,69.30279762,38.35440254,6.681627553,2.074048407
B1,2,1,12,28.12,P027,LG3216,LG3216,74.7004724,40.9434696,7.372780894,2.286915142
B1,2,2,20,28.12,P051,AG29XF5,AG,74.65569799,41.47124317,7.896099771,1.879245924
B1,2,3,28,28.12,P075,LG3216,LG3216,73.09982258,37.77437929,7.846024326,2.023312107
B1,2,4,36,28.12,P099,AG38XF6,AG,75.17856319,40.8384797,6.611763449,2.274956885
B1,3,0,4,39.38,P004,LG3216,LG3216,87.42973382,46.48505254,7.443061544,1.917320109
B1,3,1,12,39.38,P028,AG29XF4,AG,71.87505898,37.83546558,6.393430599,2.711562477
B1,3,2,20,39.38,P052,LG3216,LG3216,97.95431707,55.83016217,8.29298912,1.168867366
B1,3,3,28,39.38,P076,AG35XF5,AG,96.65392078,55.52271122,8.517773737,1.806175259
B1,3,4,36,39.38,P100,LG3216,LG3216,79.23641713,44.20265047,7.415462835,1.736137691
B1,4,0,4,50.62,P005,AG40XFF5,AG,73.1344482,40.03778545,7.44514776,1.516216873
B1,4,1,12,50.62,P029,LG3216,LG3216,81.41739159,45.6126984,7.165200062,2.339873619
B1,4,2,20,50.62,P053,AG34XF6,AG,93.94241955,51.78321545,8.378065091,2.095426219
B1,4,3,28,50.62,P077,LG3216,LG3216,86.10349362,47.18879831,8.358608272,2.180469421
B1,4,4,36,50.62,P101,AG36XF4,AG,92.17567312,48.38787083,7.636038126,1.543566007
B1,5,0,4,61.88,P006,LG3216,LG3216,81.30889104,44.52052455,7.766000602,1.612344383
B1,5,1,12,61.88,P030,AG29XF5,AG,85.31670517,46.75024886,7.622467861,1.442580444
B1,5,2,20,61.88,P054,LG3216,LG3216,71.52622457,37.6850312,7.207622823,2.214296824
B1,5,3,28,61.88,P078,AG35XF5,AG,89.39572649,49.09810519,7.519138077,1.638400252
B1,5,4,36,61.88,P102,LG3216,LG3216,68.09618373,36.6080188,7.250870111,2.415652989
B1,6,0,4,73.12,P007,AG29XF4,AG,87.79192515,50.39133565,7.503012799,2.524023876
B1,6,1,12,73.12,P031,LG3216,LG3216,94.42876273,52.40302716,7.724365216,1.964966414
B1,6,2,20,73.12,P055,AG29XF5,AG,65.28411349,36.13602126,7.231487558,2.093406274
B1,6,3,28,73.12,P079,LG3216,LG3216,84.57518962,46.53552101,6.930723139,1.913717521
B1,6,4,36,73.12,P103,AG38XF6,AG,63.80382993,34.79663511,6.093257748,2.346713105
B1,7,0,4,84.38,P008,LG3216,LG3216,89.02862513,48.0736518,7.931627073,1.847514942
B1,7,1,12,84.38,P032,AG34XF6,AG,63.37972875,33.77825776,7.409588578,2.392458033
B1,7,2,20,84.38,P056,LG3216,LG3216,97.43759291,53.17143205,8.634540545,1.70829734
B1,7,3,28,84.38,P080,AG36XF4,AG,65.4963172,35.2287699,7.138519863,2.157864483
B1,7,4,36,84.38,P104,LG3216,LG3216,98.35520984,51.30278359,7.717964971,1.916615877
B2,0,0,44,5.62,P121,LD20-4988,LD,92.03536704,51.22318136,7.155849743,1.937971981
B2,0,1,52,5.62,P145,AG29XF4,AG,83.74728018,45.8043916,7.59323762,1.872209996
B2,0,2,60,5.62,P169,LD11-2170,LD,91.30496419,48.01185872,7.752964204,1.568745585
B2,0,3,68,5.62,P193,AG29XF5,AG,91.80459356,50.07905701,8.076464205,1.815966131
B2,0,4,76,5.62,P217,LD22-4283,LD,97.84108251,55.92886851,8.736576306,1.300996936
B2,1,0,44,16.88,P122,AG29XF4,AG,70.13533415,39.13965584,7.446839185,1.870158437
B2,1,1,52,16.88,P146,LD21-7234,LD,83.60303581,47.13616576,8.047593809,1.928479813
B2,1,2,60,16.88,P170,AG29XF5,AG,63.8019679,35.06515064,7.007015561,2.203514651
B2,1,3,68,16.88,P194,LD20-5738,LD,84.646628,45.42281322,7.353211415,1.832330261
B2,1,4,76,16.88,P218,AG29XF5,AG,66.85165216,35.20958969,6.940534646,2.335140246
B2,2,0,44,28.12,P123,LD21-5253,LD,82.59802446,45.91193567,7.150768072,1.696873615
B2,2,1,52,28.12,P147,AG29XF4,AG,82.89722056,45.37582733,7.129095269,1.896847983
B2,2,2,60,28.12,P171,LD20-4471,LD,78.63940612,44.85783054,8.175187072,1.615120611
B2,2,3,68,28.12,P195,AG29XF5,AG,80.90527102,45.8626193,7.268138,2.096843832
B2,2,4,76,28.12,P219,LD20-4542,LD,90.5569356,49.94043645,7.02528657,2.183030639
B2,3,0,44,39.38,P124,AG29XF4,AG,91.96978866,48.13747424,7.313911151,1.593992176
B2,3,1,52,39.38,P148,LD20-5413,LD,79.68612862,43.39930082,7.883957552,2.384814587
B2,3,2,60,39.38,P172,AG29XF4,AG,83.98373766,46.36347019,7.612257934,2.036235219
B2,3,3,68,39.38,P196,LD21-5253,LD,97.24944943,54.00317961,7.127359057,1.404332656
B2,3,4,76,39.38,P220,AG29XF5,AG,64.78934354,34.70327216,7.816299935,2.176089546
B2,4,0,44,50.62,P125,LD11-2170,LD,64.68414264,35.78557503,6.927878011,2.346515215
B2,4,1,52,50.62,P149,AG29XF4,AG,63.50836048,34.07372835,6.298542278,1.77115978
B2,4,2,60,50.62,P173,LD20-4471,LD,86.3145314,46.78098471,7.906574445,1.517709739
B2,4,3,68,50.62,P197,AG29XF5,AG,76.74433203,42.59444068,7.49027755,2.349187398
B2,4,4,76,50.62,P221,LD20-4542,LD,90.97285665,49.76761849,7.553638384,1.379199849
B2,5,0,44,61.88,P126,AG29XF5,AG,86.84925653,47.61491538,7.484200027,1.386648346
B2,5,1,52,61.88,P150,LD20-4988,LD,73.34551033,40.89866333,7.80949993,1.802915962
B2,5,2,60,61.88,P174,AG29XF4,AG,95.93466189,50.99168282,7.956277398,1.636606356
B2,5,3,68,61.88,P198,LD20-5738,LD,90.50128588,48.77885197,8.265527301,1.981727514
B2,5,4,76,61.88,P222,AG29XF5,AG,70.82139764,39.98950292,7.957441158,2.171678661
B2,6,0,44,73.12,P127,LD22-4283,LD,74.56768071,40.30810519,7.446450475,2.597813035
B2,6,1,52,73.12,P151,AG29XF4,AG,72.57759921,37.11209221,7.529887365,1.880497823
B2,6,2,60,73.12,P175,LD21-7234,LD,66.30446594,35.04559468,6.23549914,1.877904653
B2,6,3,68,73.12,P199,AG29XF4,AG,65.9113349,36.16541727,7.097713423,2.872080603
B2,6,4,76,73.12,P223,LD20-5413,LD,97.44509854,53.50652534,7.405167591,1.652585232
B2,7,0,44,84.38,P128,AG29XF5,AG,77.51616149,42.1757546,7.111791086,1.894315218
B2,7,1,52,84.38,P152,LD21-7234,LD,75.33279291,42.90913703,7.82933273,2.215804056
B2,7,2,60,84.38,P176,AG29XF4,AG,89.18742835,45.41321511,7.336270769,2.553900241
B2,7,3,68,84.38,P200,LD21-5253,LD,82.11972261,46.30449216,7.133159862,1.939770919
B2,7,4,76,84.38,P224,AG29XF5,AG,97.44559947,55.23615109,7.968268718,1.468094019
B3,0,0,84,5.62,P241,LD22-4283,LD,91.21205976,48.87255714,8.233686229,2.028820402
B3,0,1,92,5.62,P265,LG3216,LG3216,79.17478256,42.18185417,7.321436774,2.487843654
B3,0,2,100,5.62,P289,LD20-4471,LD,75.05437894,40.01199798,7.849535139,1.463549454
B3,0,3,108,5.62,P313,LG3216,LG3216,99.4652618,51.32403186,7.990366217,1.300127222
B3,0,4,116,5.62,P337,LD20-4988,LD,88.71040944,47.79703233,7.470363556,1.572835109
B3,1,0,84,16.88,P242,LG3216,LG3216,98.0477864,54.62273898,7.997700784,1.281690565
B3,1,1,92,16.88,P266,LD11-2170,LD,64.73914309,37.34926946,8.080093496,2.122612156
B3,1,2,100,16.88,P290,LG3216,LG3216,94.02134717,50.14002033,7.135972456,2.185078682
B3,1,3,108,16.88,P314,LD20-5413,LD,85.48295536,48.80781203,7.60096318,1.5067076
B3,1,4,116,16.88,P338,LG3216,LG3216,64.87686713,34.36500779,7.010362065,1.821001323
B3,2,0,84,28.12,P243,LD20-5738,LD,83.53032,47.25622653,6.806315055,2.046227688
B3,2,1,92,28.12,P267,LG3216,LG3216,87.4438546,47.2205261,7.634858483,2.214051926
B3,2,2,100,28.12,P291,LD17-10473L,LD,60.49210744,33.32896704,7.15554951,2.418828682
B3,2,3,108,28.12,P315,LG3216,LG3216,78.17271847,41.96200481,6.861171286,1.678360995
B3,2,4,116,28.12,P339,LD20-4542,LD,93.01598045,55.19363697,7.629334878,1.21495129
B3,3,0,84,39.38,P244,LG3216,LG3216,71.81436101,39.47617572,7.752732117,1.890570066
B3,3,1,92,39.38,P268,LD19-10076,LD,78.34192327,42.22055975,7.589567343,2.013606614
B3,3,2,100,39.38,P292,LG3216,LG3216,77.69256508,43.07738102,7.418880502,1.641706215
B3,3,3,108,39.38,P316,LD21-5665,LD,72.07709566,39.21347643,7.107981268,2.476219242
B3,3,4,116,39.38,P340,LG3216,LG3216,96.73767582,50.61508414,7.11205852,1.464699943
B3,4,0,84,50.62,P245,LD00-2817P,LD,91.25176142,51.1857625,8.193931628,1.959921723
B3,4,1,92,50.62,P269,LG3216,LG3216,64.42353644,34.90788499,6.961454976,2.000917053
B3,4,2,100,50.62,P293,LD20-11748,LD,99.88138631,55.1542704,8.380068427,1.116590323
B3,4,3,108,50.62,P317,LG3216,LG3216,95.16800097,50.68095736,8.048422998,1.587866433
B3,4,4,116,50.62,P341,LD19-10244,LD,71.35633751,38.72811559,6.577418591,2.407504419
B3,5,0,84,61.88,P246,LG3216,LG3216,93.47586319,50.71043352,7.950862528,1.678794841
B3,5,1,92,61.88,P270,LD21-3090,LD,64.25678127,33.81220034,7.366279202,2.280898994
B3,5,2,100,61.88,P294,LG3216,LG3216,99.96418922,54.99715813,7.913297547,1.78649495
B3,5,3,108,61.88,P318,LD21-5253,LD,86.62738944,46.26466486,7.600188345,1.474152354
B3,5,4,116,61.88,P342,LG3216,LG3216,86.00500062,43.88767717,7.488499379,1.89709014
B3,6,0,84,73.12,P247,LD17-10473F,LD,63.61762908,34.88239779,7.293052276,2.64343672
B3,6,1,92,73.12,P271,LG3216,LG3216,95.88133596,52.02924297,8.337528906,1.447673594
B3,6,2,100,73.12,P295,LD21-5991,LD,61.15998013,33.26273553,6.307087195,2.337327861
B3,6,3,108,73.12,P319,LG3216,LG3216,69.63312232,38.00115585,6.64836302,2.41726127
B3,6,4,116,73.12,P343,LD21-5944,LD,65.72087501,34.56230929,6.33752689,2.660389142
B3,7,0,84,84.38,P248,LG3216,LG3216,91.07071763,48.29163077,7.38878918,1.830753053
B3,7,1,92,84.38,P272,LD07-3395bf,LD,67.92816909,38.00352724,7.308514976,2.067668795
B3,7,2,100,84.38,P296,LG3216,LG3216,96.42552909,52.08874279,8.332613281,1.688520225
B3,7,3,108,84.38,P320,LD21-7234,LD,86.25076157,47.48787627,7.233196856,2.140212172
B3,7,4,116,84.38,P344,LG3216,LG3216,61.44650842,31.83269844,6.468623899,2.289043008
B4,0,0,124,5.62,P361,AG35XF5,AG,60.21719337,32.55812198,6.013773398,2.027782029
B4,0,1,132,5.62,P385,LD21-7234,LD,62.06631668,34.17416472,6.652388983,2.420168208
B4,0,2,140,5.62,P409,AG38XF6,AG,84.23700711,42.84339125,6.426280114,1.424126085
B4,0,3,148,5.62,P433,LD21-3090,LD,92.05927243,46.92107766,7.204527258,2.020633204
B4,0,4,156,5.62,P457,AG40XFF5,AG,69.54211283,36.64128529,7.094309823,2.383489899
B4,1,0,124,16.88,P362,LD21-5944,LD,93.97635372,50.58028461,6.915368488,2.182002782
B4,1,1,132,16.88,P386,AG34XF6,AG,62.28927761,33.46811015,6.646326786,2.285433163
B4,1,2,140,16.88,P410,LD17-10473F,LD,92.03855415,50.25149405,7.258161841,1.949568608
B4,1,3,148,16.88,P434,AG36XF4,AG,97.11181721,51.68559346,8.430282743,1
B4,1,4,156,16.88,P458,LD21-5253,LD,90.88433596,50.27430614,8.195757239,2.070427423
B4,2,0,124,28.12,P363,AG34XF6,AG,87.92483136,45.63021606,7.721761199,2.31791693
B4,2,1,132,28.12,P387,LD07-3395bf,LD,93.51920875,50.81068354,7.709273481,2.294445354
B4,2,2,140,28.12,P411,AG38XF6,AG,61.60605198,32.09308618,7.318208505,1.982573848
B4,2,3,148,28.12,P435,LD20-11748,LD,68.07128443,36.6794053,7.307786538,2.156579964
B4,2,4,156,28.12,P459,AG35XF5,AG,64.99694717,35.66704147,7.126649092,2.154191397
B4,3,0,124,39.38,P364,LD21-5665,LD,80.18123961,43.43097586,7.089111428,2.072696189
B4,3,1,132,39.38,P388,AG40XFF5,AG,89.80752513,44.93116366,8.302606885,1.737634684
B4,3,2,140,39.38,P412,LD21-7234,LD,85.20047378,44.39256682,7.586069631,2.087232222
B4,3,3,148,39.38,P436,AG36XF4,AG,94.04524399,48.5865214,6.781020235,1.847884407
B4,3,4,156,39.38,P460,LD21-3090,LD,66.2085197,35.24538725,6.526236169,1.732145713
B4,4,0,124,50.62,P365,AG34XF6,AG,89.38484368,47.46139121,8.039876087,1.886662252
B4,4,1,132,50.62,P389,LD20-11748,LD,67.72165963,36.89243193,7.312492942,2.470896087
B4,4,2,140,50.62,P413,AG38XF6,AG,70.83035005,37.83916145,6.768356642,2.77499605
B4,4,3,148,50.62,P437,LD17-10473F,LD,88.39618789,49.23735662,6.38127683,1.810382889
B4,4,4,156,50.62,P461,AG35XF5,AG,99.2081914,51.73724645,7.462917653,1.124419869
B4,5,0,124,61.88,P366,LD07-3395bf,LD,84.46174424,46.01569406,7.217947245,1.935063087
B4,5,1,132,61.88,P390,AG36XF4,AG,62.1800126,33.92057459,6.87997459,2.314083583
B4,5,2,140,61.88,P414,LD21-5253,LD,84.6523588,44.75489948,8.190833315,2.0966157
B4,5,3,148,61.88,P438,AG40XFF5,AG,61.69402206,33.16357211,7.089622246,2.169124555
B4,5,4,156,61.88,P462,LD21-5665,LD,95.36582845,52.27886438,8.217934989,1.428213426
B4,6,0,124,73.12,P367,AG38XF6,AG,88.3831314,47.25819232,7.411057001,1.859152512
B4,6,1,132,73.12,P391,LD21-5944,LD,66.92511386,38.45802689,6.867458297,2.561214562
B4,6,2,140,73.12,P415,AG35XF5,AG,63.66884023,33.84015515,7.312412454,2.128999083
B4,6,3,148,73.12,P439,LD21-5665,LD,67.34132916,38.99387962,7.018582858,2.276840861
B4,6,4,156,73.12,P463,AG34XF6,AG,99.20108718,52.6741331,8.20327893,1.52574871
B4,7,0,124,84.38,P368,LD20-11748,LD,78.3424257,40.84724522,7.637523642,1.975550515
B4,7,1,132,84.38,P392,AG36XF4,AG,91.36323793,49.42124984,8.209610688,1.724694496
B4,7,2,140,84.38,P416,LD07-3395bf,LD,85.45633368,46.82028626,8.195098119,1.901693596
B4,7,3,148,84.38,P440,AG40XFF5,AG,82.896526,43.27141751,7.286534556,2.11977302
B4,7,4,156,84.38,P464,LD21-3090,LD,65.80521019,36.17063131,6.850972168,2.049628368
B5,0,0,4,95.62,P009,AG34XF6,AG,97.84097814,54.6944955,8.086048407,1.671966573
B5,0,1,12,95.62,P033,LD21-3090,LD,72.0537053,39.47620112,6.501236391,2.262790395
B5,0,2,20,95.62,P057,AG40XFF5,AG,83.12068863,46.77685863,7.475106264,1.658862095
B5,0,3,28,95.62,P081,LD17-10473F,LD,87.99103778,50.90985868,8.138728945,1.47971143
B5,0,4,36,95.62,P105,AG38XF6,AG,85.96932621,48.70762055,7.804413734,2.187777682
B5,1,0,4,106.88,P010,LD21-5944,LD,97.62377639,55.26983604,8.272911557,1.859115971
B5,1,1,12,106.88,P034,AG36XF4,AG,65.9375596,37.34245444,7.871770456,2.210467397
B5,1,2,20,106.88,P058,LD21-5665,LD,80.33410954,43.3690388,7.875027414,2.367719257
B5,1,3,28,106.88,P082,AG35XF5,AG,76.16137563,41.63875358,7.308053924,2.649938735
B5,1,4,36,106.88,P106,LD21-5253,LD,78.96674918,43.03972572,7.2889469,1.513293295
B5,2,0,4,118.12,P011,AG36XF4,AG,64.76870105,35.57903801,6.620471236,1.940344691
B5,2,1,12,118.12,P035,LD20-11748,LD,65.36378439,35.61838913,6.565859919,2.260934944
B5,2,2,20,118.12,P059,AG34XF6,AG,71.12302183,39.46366578,7.17570917,2.620099219
B5,2,3,28,118.12,P083,LD07-3395bf,LD,72.18818415,43.66283075,7.875770241,2.03693136
B5,2,4,36,118.12,P107,AG40XFF5,AG,77.11612855,41.90767093,7.54884182,2.032627885
B5,3,0,4,129.38,P012,LD21-7234,LD,84.43950188,47.76439237,7.687485602,1.754998768
B5,3,1,12,129.38,P036,AG35XF5,AG,85.3851647,46.73704638,7.910959831,1.508801354
B5,3,2,20,129.38,P060,LD21-3090,LD,76.47243586,43.39176884,7.660195059,2.268219198
B5,3,3,28,129.38,P084,AG38XF6,AG,76.35132438,42.4995348,6.9758027,2.586898677
B5,3,4,36,129.38,P108,LD21-7234,LD,68.70514107,39.03673964,6.705397719,2.300388105
B5,4,0,4,140.62,P013,AG34XF6,AG,83.53224994,47.90222964,7.717536306,1.376970183
B5,4,1,12,140.62,P037,LD21-5665,LD,72.68163645,43.04208826,7.099094241,1.395024787
B5,4,2,20,140.62,P061,AG36XF4,AG,61.44239337,34.47600564,6.001498855,2.410199986
B5,4,3,28,140.62,P085,LD07-3395bf,LD,76.73600177,45.22284864,7.783849148,2.23315893
B5,4,4,36,140.62,P109,AG35XF5,AG,78.965307,41.99667294,7.546855296,1.909476014
B5,5,0,4,151.88,P014,LD17-10473F,LD,69.02371473,38.92000078,7.072751709,1.848951185
B5,5,1,12,151.88,P038,AG38XF6,AG,82.89831732,47.25991985,7.553225395,1.850958413
B5,5,2,20,151.88,P062,LD20-11748,LD,82.63087602,47.85670476,7.379782579,2.083085325
B5,5,3,28,151.88,P086,AG40XFF5,AG,88.08008724,49.24634892,7.55883008,1.056267846
B5,5,4,36,151.88,P110,LD21-5253,LD,85.91793929,49.68948652,6.850911551,2.631331574
B5,6,0,4,163.12,P015,AG40XFF5,AG,86.09732226,48.61411799,7.244645475,2.051718939
B5,6,1,12,163.12,P039,LD21-5944,LD,72.64856607,42.58384148,7.560300323,1.975115541
B5,6,2,20,163.12,P063,AG34XF6,AG,91.49728888,52.26475044,7.331814756,1.66264888
B5,6,3,28,163.12,P087,LD07-3395bf,LD,81.96577534,47.53816424,7.483466855,1.772864946
B5,6,4,36,163.12,P111,AG36XF4,AG,77.25672781,43.19859375,7.340718386,2.264009999
B5,7,0,4,174.38,P016,LD21-5253,LD,85.04049924,44.84919281,7.625797955,1.66383443
B5,7,1,12,174.38,P040,AG35XF5,AG,74.42629338,41.96150548,6.965765127,1.70174099
B5,7,2,20,174.38,P064,LD21-5944,LD,80.50956978,41.81455314,7.327987502,2.360985826
B5,7,3,28,174.38,P088,AG38XF6,AG,89.46822754,48.05941338,7.74195551,1.785568382
B5,7,4,36,174.38,P112,LD21-7234,LD,95.45611547,54.89909104,7.765793765,1.291420432
B6,0,0,44,95.62,P129,AG29XF5,AG,96.84228789,53.634681,7.447015515,2.188333626
B6,0,1,52,95.62,P153,LG3216,LG3216,80.14531701,41.87253683,7.724990826,1.954059565
B6,0,2,60,95.62,P177,AG40XFF5,AG,80.81100459,43.15685756,7.298354429,2.14760184
B6,0,3,68,95.62,P201,LG3216,LG3216,91.99481643,52.02313198,7.902015196,1.324082607
B6,0,4,76,95.62,P225,AG35XF5,AG,72.57802767,38.7024771,8.137077519,1.723805204
B6,1,0,44,106.88,P130,LG3216,LG3216,93.49529449,53.78015043,7.703536298,2.094226734
B6,1,1,52,106.88,P154,AG29XF4,AG,79.76566586,43.68795083,7.122625309,1.966869726
B6,1,2,60,106.88,P178,LG3216,LG3216,64.63426897,35.78026797,6.787912994,1.839304139
B6,1,3,68,106.88,P202,AG34XF6,AG,62.88236588,36.26064831,7.083784094,2.208848959
B6,1,4,76,106.88,P226,LG3216,LG3216,93.67972844,50.73551291,8.186108884,1.780562792
B6,2,0,44,118.12,P131,AG36XF4,AG,62.22271668,32.9505742,7.743412021,1.713235959
B6,2,1,52,118.12,P155,LG3216,LG3216,71.22445745,38.53395932,7.478666249,2.113047765
B6,2,2,60,118.12,P179,AG38XF6,AG,73.36520162,40.61018495,6.754282725,2.301565172
B6,2,3,68,118.12,P203,LG3216,LG3216,66.91977781,35.35207637,6.135349452,2.453788103
B6,2,4,76,118.12,P227,AG35XF5,AG,72.55573479,39.30416087,7.029298129,2.360987178
B6,3,0,44,129.38,P132,LG3216,LG3216,89.70770267,47.75657725,8.622739115,1.425754337
B6,3,1,52,129.38,P156,AG29XF4,AG,60.58731374,34.02117693,7.197696129,1.946212851
B6,3,2,60,129.38,P180,LG3216,LG3216,93.08693698,51.17179741,8.944566999,2.070783375
B6,3,3,68,129.38,P204,AG38XF6,AG,94.26192094,51.79980493,7.677982309,2.114602217
B6,3,4,76,129.38,P228,LG3216,LG3216,74.89046293,40.51034079,7.48818824,1.514242757
B6,4,0,44,140.62,P133,AG34XF6,AG,66.14451596,36.64790688,7.47118121,1.731128841
B6,4,1,52,140.62,P157,LG3216,LG3216,84.03361632,46.50572202,7.54768626,1.696269212
B6,4,2,60,140.62,P181,AG40XFF5,AG,64.78690223,34.89227713,7.018141814,2.887652282
B6,4,3,68,140.62,P205,LG3216,LG3216,74.59677444,39.99739944,6.490421667,2.059612277
B6,4,4,76,140.62,P229,AG36XF4,AG,98.33716724,55.4702745,8.11934275,1.697233691
B6,5,0,44,151.88,P134,LG3216,LG3216,99.8185789,54.01573824,8.288931214,1.128442043
B6,5,1,52,151.88,P158,AG29XF5,AG,90.88419565,48.26913181,7.89973455,1.468215863
B6,5,2,60,151.88,P182,LG3216,LG3216,72.4384604,40.50477032,6.575103359,2.16294771
B6,5,3,68,151.88,P206,AG38XF6,AG,87.50660197,49.5347921,8.19719937,2.052129687
B6,5,4,76,151.88,P230,LG3216,LG3216,88.21625462,46.15181184,8.103286323,1.998169106
B6,6,0,44,163.12,P135,AG36XF4,AG,75.51366781,41.85991547,7.550681105,2.174365924
B6,6,1,52,163.12,P159,LG3216,LG3216,85.63554538,47.82381045,7.835658734,1.625466786
B6,6,2,60,163.12,P183,AG29XF5,AG,60.4291058,34.17078857,7.514486985,2.084856157
B6,6,3,68,163.12,P207,LG3216,LG3216,68.36230634,38.5993364,8.182272444,1.788929363
B6,6,4,76,163.12,P231,AG40XFF5,AG,81.00353212,42.55922156,6.931139352,1.874505918
B6,7,0,44,174.38,P136,LG3216,LG3216,66.55005217,36.89959508,7.281877393,2.282247665
B6,7,1,52,174.38,P160,AG35XF5,AG,66.63627472,36.49038322,7.413770046,1.995418996
B6,7,2,60,174.38,P184,LG3216,LG3216,93.45217162,51.08040625,8.871937192,1.633261618
B6,7,3,68,174.38,P208,AG29XF4,AG,99.56532011,57.02564186,8.198048137,1.751591139
B6,7,4,76,174.38,P232,LG3216,LG3216,82.23877712,46.83289912,7.807607368,1.778372545
B7,0,0,84,95.62,P249,LD20-5413,LD,93.56278924,53.67459384,7.961319081,1.492715218
B7,0,1,92,95.62,P273,AG29XF5,AG,99.61286657,56.62858228,7.774692468,1.686489381
B7,0,2,100,95.62,P297,LD22-4283,LD,65.66383554,36.91235593,6.401330635,2.232196981
B7,0,3,108,95.62,P321,AG29XF4,AG,77.92982453,42.57696283,7.757790714,2.107886559
B7,0,4,116,95.62,P345,LD21-5253,LD,75.70290863,42.35414057,7.192416434,1.794153456
B7,1,0,84,106.88,P250,AG29XF4,AG,63.20197135,34.42301066,7.09129327,2.576319899
B7,1,1,92,106.88,P274,LD20-4471,LD,90.21320691,49.39506965,8.683096148,2.03971547
B7,1,2,100,106.88,P298,AG29XF5,AG,77.35116109,43.39558607,8.164661696,1.874885289
B7,1,3,108,106.88,P322,LD20-4542,LD,78.77307737,43.35381436,7.076373374,1.934227791
B7,1,4,116,106.88,P346,AG29XF4,AG,66.02691895,34.89877322,6.808722728,2.070893594
B7,2,0,84,118.12,P251,LD20-5738,LD,67.23706609,36.01459157,7.287036823,2.526851921
B7,2,1,92,118.12,P275,AG29XF5,AG,96.28414489,53.90213309,7.714752158,1.889403771
B7,2,2,100,118.12,P299,LD21-7234,LD,61.78596356,34.33261586,6.627310292,2.685262591
B7,2,3,108,118.12,P323,AG29XF5,AG,69.3140914,37.95678701,7.260488462,1.891594386
B7,2,4,116,118.12,P347,LD11-2170,LD,71.68237321,39.94119619,7.352561989,2.121472676
B7,3,0,84,129.38,P252,AG29XF4,AG,79.6079017,42.92357556,7.977875734,1.442791191
B7,3,1,92,129.38,P276,LD20-4988,LD,83.45780692,47.71355873,9,1.735032513
B7,3,2,100,129.38,P300,AG29XF5,AG,79.73159903,44.32262887,7.028867578,2.177961235
B7,3,3,108,129.38,P324,LD20-5738,LD,63.36461338,33.02259652,7.307495667,2.38641553
B7,3,4,116,129.38,P348,AG29XF4,AG,69.74669816,39.35933757,8.098043843,1.715560882
B7,4,0,84,140.62,P253,LD20-4471,LD,93.74353539,50.25296872,8.257931213,1.756267667
B7,4,1,92,140.62,P277,AG29XF4,AG,85.50354802,44.93505046,8.157846643,1.960658696
B7,4,2,100,140.62,P301,LD20-4988,LD,85.96596201,46.69650301,8.021482571,2.22137594
B7,4,3,108,140.62,P325,AG29XF5,AG,86.80813021,45.91116287,7.374431781,1.72367242
B7,4,4,116,140.62,P349,LD20-4542,LD,90.51612076,50.11619597,7.901676486,1.830472105
B7,5,0,84,151.88,P254,AG29XF5,AG,62.32433927,33.94566779,8.434813584,1.620558624
B7,5,1,92,151.88,P278,LD11-2170,LD,74.6643354,41.10698113,8.005895254,1.968443518
B7,5,2,100,151.88,P302,AG29XF4,AG,81.58109741,45.65010938,8.020802222,2.592418092
B7,5,3,108,151.88,P326,LD22-4283,LD,73.53825933,41.38502545,6.316946557,2.424029105
B7,5,4,116,151.88,P350,AG29XF5,AG,93.77915493,51.48610031,7.743581562,1.846760883
B7,6,0,84,163.12,P255,LD21-5253,LD,79.30290034,44.83785155,7.27621295,1.830878316
B7,6,1,92,163.12,P279,AG29XF4,AG,90.74510358,50.93046924,7.969091181,1.693081486
B7,6,2,100,163.12,P303,LD20-5413,LD,94.08062068,49.34387903,7.462281267,1.966386273
B7,6,3,108,163.12,P327,AG29XF4,AG,80.19165932,43.32571767,7.55724817,1.987735494
B7,6,4,116,163.12,P351,LD21-7234,LD,96.38208975,49.96438097,7.711251349,1.742419066
B7,7,0,84,174.38,P256,AG29XF5,AG,83.48495762,45.96335802,7.700711768,1.739368683
B7,7,1,92,174.38,P280,LD20-5413,LD,94.01097195,52.432461,7.671369911,1.929740943
B7,7,2,100,174.38,P304,AG29XF5,AG,73.62363182,41.90438626,7.916393915,1.987872134
B7,7,3,108,174.38,P328,LD20-5738,LD,79.95267834,44.823455,6.898120703,1.924105319
B7,7,4,116,174.38,P352,AG29XF4,AG,81.25644164,44.46631771,7.050806442,1.726643569
B8,0,0,124,95.62,P369,LD19-10244,LD,64.19918864,34.30590639,6.37968643,2.433167356
B8,0,1,132,95.62,P393,LG3216,LG3216,75.94210027,41.46447634,6.857491506,2.296775813
B8,0,2,140,95.62,P417,LD21-3090,LD,96.6935069,52.62010313,7.075011869,1.348996139
B8,0,3,148,95.62,P441,LG3216,LG3216,85.23328961,45.26551888,8.434605074,1.900719167
B8,0,4,156,95.62,P465,LD22-4283,LD,67.1002633,38.07166082,7.215178531,2.769307747
B8,1,0,124,106.88,P370,LG3216,LG3216,73.55422542,38.67273762,6.824655816,2.136830189
B8,1,1,132,106.88,P394,LD21-5253,LD,67.66412039,38.40907486,6.198714925,2.206420537
B8,1,2,140,106.88,P418,LG3216,LG3216,60.99292527,33.49113201,7.556732373,1.75627464
B8,1,3,148,106.88,P442,LD20-5738,LD,97.09841834,50.87439934,7.985215049,1.430117964
B8,1,4,156,106.88,P466,LG3216,LG3216,77.92829313,42.53213143,7.914538572,1.351301024
B8,2,0,124,118.12,P371,LD07-3395bf,LD,72.3014029,41.36049657,7.996056215,2.453639761
B8,2,1,132,118.12,P395,LG3216,LG3216,83.93908766,45.47975875,8.561361551,1.949867767
B8,2,2,140,118.12,P419,LD11-2170,LD,60.29257825,32.54617904,6.638979201,1.916522869
B8,2,3,148,118.12,P443,LG3216,LG3216,71.12088426,36.96705593,6.338469066,2.599017591
B8,2,4,156,118.12,P467,LD17-10473L,LD,88.12133863,47.01940258,8.187392453,1.89496782
B8,3,0,124,129.38,P372,LG3216,LG3216,85.35079092,46.41748192,6.810292264,1.677053797
B8,3,1,132,129.38,P396,LD19-10076,LD,99.2722379,52.90851746,7.561686789,1.437389147
B8,3,2,140,129.38,P420,LG3216,LG3216,84.81430839,46.38754685,8.231480836,1.743952091
B8,3,3,148,129.38,P444,LD20-5413,LD,79.10023495,41.50022657,6.575423544,1.928957025
B8,3,4,156,129.38,P468,LG3216,LG3216,90.45730253,47.91371157,8.216340463,1.938521938
B8,4,0,124,140.62,P373,LD21-5944,LD,96.13311488,53.03148484,8.692807973,1.193799735
B8,4,1,132,140.62,P397,LG3216,LG3216,88.82783787,51.40204455,7.079631362,2.025666487
B8,4,2,140,140.62,P421,LD20-4988,LD,98.52844894,52.67999794,7.901232001,2.074577502
B8,4,3,148,140.62,P445,LG3216,LG3216,91.28020683,50.79286343,7.657871634,1.695583703
B8,4,4,156,140.62,P469,LD21-5991,LD,94.67205753,52.04033029,8.360437475,1.73690763
B8,5,0,124,151.88,P374,LG3216,LG3216,64.56416285,35.07789113,6.370737879,2.40972846
B8,5,1,132,151.88,P398,LD21-5665,LD,89.29654012,50.27642607,7.72787984,1.889981176
B8,5,2,140,151.88,P422,LG3216,LG3216,77.60354798,42.58438169,7.221495688,1.744191261
B8,5,3,148,151.88,P446,LD20-11748,LD,82.1241521,44.45056132,7.238409363,1.787723392
B8,5,4,156,151.88,P470,LG3216,LG3216,86.16409638,47.91775791,7.561808315,1.793970289
B8,6,0,124,163.12,P375,LD20-4471,LD,98.79260467,52.70296026,8.666470225,1.15330803
B8,6,1,132,163.12,P399,LG3216,LG3216,99.38312326,55.70863016,8.859181299,1.579780782
B8,6,2,140,163.12,P423,LD20-4542,LD,71.52912982,39.25535688,7.345304456,2.308085044
B8,6,3,148,163.12,P447,LG3216,LG3216,89.3501399,47.79306551,8.449528934,1.93480019
B8,6,4,156,163.12,P471,LD21-7234,LD,89.99934152,47.83393837,7.672588402,1.976337453
B8,7,0,124,174.38,P376,LG3216,LG3216,73.85971445,40.30261924,7.977690239,1.968106473
B8,7,1,132,174.38,P400,LD17-10473F,LD,64.95479099,37.65656237,7.289290804,1.812311155
B8,7,2,140,174.38,P424,LG3216,LG3216,61.63787841,33.43723046,6.858083472,2.922113774
B8,7,3,148,174.38,P448,LD00-2817P,LD,91.0937251,49.59697322,8.201528532,1.119883832
B8,7,4,156,174.38,P472,LG3216,LG3216,79.58798967,41.32971761,7.218469443,2.56344755
B9,0,0,4,185.62,P017,LD07-3395bf,LD,99.42160678,57.44607708,7.373003726,1.932148832
B9,0,1,12,185.62,P041,LG3216,LG3216,78.59893825,41.69447084,6.056335822,2.315151648
B9,0,2,20,185.62,P065,LD22-4283,LD,99.11667916,55.97000805,8.216684962,1.80291082
B9,0,3,28,185.62,P089,LG3216,LG3216,76.46304009,42.92683694,6.65413696,1.826750448
B9,0,4,36,185.62,P113,LD19-10076,LD,91.74728602,52.87529134,6.871769585,1.686297814
B9,1,0,4,196.88,P018,LG3216,LG3216,63.39277089,37.75841735,8.15922392,1.810426172
B9,1,1,12,196.88,P042,LD20-4542,LD,82.21846841,46.0294421,7.58616024,2.30878457
B9,1,2,20,196.88,P066,LG3216,LG3216,92.08239148,53.35298171,8.108290132,1.171685453
B9,1,3,28,196.88,P090,LD20-5413,LD,96.98806669,55.30099698,8.153813801,1.168781354
B9,1,4,36,196.88,P114,LG3216,LG3216,92.90332362,50.84670819,7.743555578,1.888400511
B9,2,0,4,208.12,P019,LD21-7234,LD,61.47882909,35.43707859,7.173696559,2.140957633
B9,2,1,12,208.12,P043,LG3216,LG3216,74.90809365,41.42346673,7.259421761,1.976983586
B9,2,2,20,208.12,P067,LD21-5944,LD,61.94793889,35.47004791,6.973653366,2.083522392
B9,2,3,28,208.12,P091,LG3216,LG3216,64.37129164,35.42626004,6.059145717,2.462142305
B9,2,4,36,208.12,P115,LD17-10473L,LD,87.01222515,46.82104681,8.40812331,1.295505095
B9,3,0,4,219.38,P020,LG3216,LG3216,88.53032785,46.90058634,7.225059104,2.364174657
B9,3,1,12,219.38,P044,LD21-5991,LD,90.94882731,52.36659808,6.766903202,1.438991746
B9,3,2,20,219.38,P068,LG3216,LG3216,94.61826192,52.35293778,7.840854988,1.268772691
B9,3,3,28,219.38,P092,LD00-2817P,LD,89.57725874,49.88858098,7.463541154,1.373107203
B9,3,4,36,219.38,P116,LG3216,LG3216,92.03486368,50.61680142,8.035819362,1.681766288
B9,4,0,4,230.62,P021,LD20-11748,LD,61.95854839,35.52209087,7.812236503,2.166191986
B9,4,1,12,230.62,P045,LG3216,LG3216,69.38140602,38.52666372,7.027514653,2.383588866
B9,4,2,20,230.62,P069,LD21-3090,LD,84.87591094,47.72682959,7.472127987,1.770205831
B9,4,3,28,230.62,P093,LG3216,LG3216,94.32501218,54.31804822,8.354678026,1.368239311
B9,4,4,36,230.62,P117,LD19-10244,LD,60.180005,34.94081442,7.36573975,2.177234986
B9,5,0,4,241.88,P022,LG3216,LG3216,80.58517368,45.24261782,6.584035198,2.027378832
B9,5,1,12,241.88,P046,LD21-5253,LD,87.09149597,50.68282379,7.179020438,1.810093049
B9,5,2,20,241.88,P070,LG3216,LG3216,61.18429157,35.33799458,7.37599565,2.190532439
B9,5,3,28,241.88,P094,LD17-10473F,LD,76.0542223,44.74587916,7.360524563,1.326722782
B9,5,4,36,241.88,P118,LG3216,LG3216,95.82539526,53.69887973,7.711841724,2.098034837
B9,6,0,4,253.12,P023,LD11-2170,LD,86.86451235,49.98251923,8.00232632,1.760964407
B9,6,1,12,253.12,P047,LG3216,LG3216,69.50633453,39.0532595,6.704535768,2.536093717
B9,6,2,20,253.12,P071,LD20-4988,LD,94.11124519,52.44755124,7.975062978,1.665070539
B9,6,3,28,253.12,P095,LG3216,LG3216,73.92125694,42.08934494,6.96364766,1.886033866
B9,6,4,36,253.12,P119,LD20-4471,LD,94.13378685,50.26879269,7.131278845,1.877559119
B9,7,0,4,264.38,P024,LG3216,LG3216,71.95774604,39.1290112,7.674816962,2.025306539
B9,7,1,12,264.38,P048,LD20-5738,LD,83.61281004,48.25292863,7.095124786,2.328976027
B9,7,2,20,264.38,P072,LG3216,LG3216,75.87760271,43.485443,7.80125509,1.828369014
B9,7,3,28,264.38,P096,LD21-5665,LD,70.99300203,42.63671142,7.536138767,2.137131242
B9,7,4,36,264.38,P120,LG3216,LG3216,95.46230249,52.38948122,7.825001493,1.507508238
B10,0,0,44,185.62,P137,AG36XF4,AG,67.50374728,36.10145091,7.007621245,2.197559393
B10,0,1,52,185.62,P161,LD21-5253,LD,63.39246365,35.37504273,6.986864269,2.294125289
B10,0,2,60,185.62,P185,AG35XF5,AG,73.67707754,41.0941439,7.05154998,2.641861757
B10,0,3,68,185.62,P209,LD21-5665,LD,88.70556591,50.81214723,7.87622906,1.706140372
B10,0,4,76,185.62,P233,AG34XF6,AG,92.29726424,52.5299386,7.771380778,1.612548505
B10,1,0,44,196.88,P138,LD17-10473F,LD,99.9497348,55.65439649,7.887078964,1.409576476
B10,1,1,52,196.88,P162,AG38XF6,AG,71.85448228,40.00365955,7.22517623,2.814290094
B10,1,2,60,196.88,P186,LD21-5944,LD,76.31767805,42.13345891,6.294130019,2.292879522
B10,1,3,68,196.88,P210,AG40XFF5,AG,65.47285112,36.62400552,6.192654116,2.580201654
B10,1,4,76,196.88,P234,LD21-7234,LD,82.99487718,46.74999201,6.984988557,2.000695046
B10,2,0,44,208.12,P139,AG34XF6,AG,99.90320149,54.22265003,8.14658837,1.73093768
B10,2,1,52,208.12,P163,LD07-3395bf,LD,88.0352404,50.26348498,7.559863957,2.117356652
B10,2,2,60,208.12,P187,AG40XFF5,AG,83.80851362,46.08973028,6,2.342643758
B10,2,3,68,208.12,P211,LD20-11748,LD,75.69476372,42.20172676,8.071854985,2.244279154
B10,2,4,76,208.12,P235,AG35XF5,AG,96.61195041,55.74017043,8.179866243,1.369909875
B10,3,0,44,219.38,P140,LD21-3090,LD,79.87666385,44.86903134,8.971458073,1.841899179
B10,3,1,52,219.38,P164,AG38XF6,AG,65.37467653,35.94472194,6.660106104,2.002721127
B10,3,2,60,219.38,P188,LD21-5944,LD,74.61513853,39.99088957,6.277706613,2.139457337
B10,3,3,68,219.38,P212,AG36XF4,AG,62.68666675,33.96430615,7.655017071,2.253222731
B10,3,4,76,219.38,P236,LD21-7234,LD,68.07916151,37.77448831,6.334553429,2.378999006
B10,4,0,44,230.62,P141,AG36XF4,AG,60.70675124,32.86318316,7.310245578,3
B10,4,1,52,230.62,P165,LD20-11748,LD,78.13119666,45.14538903,7.489154393,1.977014088
B10,4,2,60,230.62,P189,AG34XF6,AG,85.3816106,47.72106245,7.626077756,1.772994126
B10,4,3,68,230.62,P213,LD21-3090,LD,73.7316985,43.31111071,8.113897119,1.804535703
B10,4,4,76,230.62,P237,AG38XF6,AG,76.81527086,42.39127926,8.016118019,1.725958567
B10,5,0,44,241.88,P142,LD17-10473F,LD,98.36837091,55.51153065,7.911820326,1.631341386
B10,5,1,52,241.88,P166,AG40XFF5,AG,90.07852486,49.34128487,7.366043396,2.066384025
B10,5,2,60,241.88,P190,LD21-5665,LD,81.63426548,46.76768502,6.839442319,1.767379745
B10,5,3,68,241.88,P214,AG35XF5,AG,71.381635,41.73990522,7.6570273,2.146719931
B10,5,4,76,241.88,P238,LD21-5253,LD,95.87987195,50.71227677,7.604937124,1.924625592
B10,6,0,44,253.12,P143,AG34XF6,AG,69.40388468,36.65159774,7.135013804,2.097594732
B10,6,1,52,253.12,P167,LD07-3395bf,LD,73.01370922,41.54199968,7.842571041,2.001609164
B10,6,2,60,253.12,P191,AG35XF5,AG,96.36259258,53.86321921,7.337208806,1.728761136
B10,6,3,68,253.12,P215,LD21-5944,LD,81.18168221,47.02625605,8.206203493,1.879570183
B10,6,4,76,253.12,P239,AG40XFF5,AG,89.69271798,50.09118269,8.314284364,1.487044984
B10,7,0,44,264.38,P144,LD07-3395bf,LD,83.62979177,47.92494305,7.649706655,1.91672057
B10,7,1,52,264.38,P168,AG38XF6,AG,86.13756836,49.15116315,7.980458872,1.490750071
B10,7,2,60,264.38,P192,LD21-5253,LD,71.97533166,42.34555363,8.129486964,1.627721959
B10,7,3,68,264.38,P216,AG36XF4,AG,69.65488247,39.06415562,6.344028665,2.485188413
B10,7,4,76,264.38,P240,LD21-7234,LD,72.89969389,41.99927304,6.776528222,2.590886106
B11,0,0,84,185.62,P257,AG40XFF5,AG,66.21766256,36.49057701,6.389404872,2.409516182
B11,0,1,92,185.62,P281,LG3216,LG3216,94.97257461,51.32224731,8.040051252,1.69895617
B11,0,2,100,185.62,P305,AG35XF5,AG,71.32987733,40.0157754,7.519387679,2.161404215
B11,0,3,108,185.62,P329,LG3216,LG3216,82.45957578,44.75043059,7.670447315,2.064924508
B11,0,4,116,185.62,P353,AG34XF6,AG,91.67897701,50.03387097,8.233483235,1.947969121
B11,1,0,84,196.88,P258,LG3216,LG3216,91.35296438,51.75937067,8.465742594,1.273236709
B11,1,1,92,196.88,P282,AG36XF4,AG,77.53545034,39.89696111,7.959123655,1.949521555
B11,1,2,100,196.88,P306,LG3216,LG3216,79.05029234,41.68650711,7.343357902,2.112195143
B11,1,3,108,196.88,P330,AG38XF6,AG,99.78806996,52.79764123,7.27201176,1.420523867
B11,1,4,116,196.88,P354,LG3216,LG3216,86.98389908,46.58219416,7.253636527,1.871325056
B11,2,0,84,208.12,P259,AG29XF4,AG,92.58553772,50.5327216,6.903288743,1.567781694
B11,2,1,92,208.12,P283,LG3216,LG3216,96.10215877,50.6952633,7.233799123,1.876918197
B11,2,2,100,208.12,P307,AG29XF5,AG,91.50359345,49.49510972,8.230834596,1.955094944
B11,2,3,108,208.12,P331,LG3216,LG3216,67.4071738,35.69559353,6.919744903,2.593724917
B11,2,4,116,208.12,P355,AG38XF6,AG,82.48682935,48.05865199,7.653406725,1.846508491
B11,3,0,84,219.38,P260,LG3216,LG3216,64.07576629,36.69101825,7.01041536,2.354409646
B11,3,1,92,219.38,P284,AG40XFF5,AG,86.11688506,47.16295054,7.172701398,2.389008181
B11,3,2,100,219.38,P308,LG3216,LG3216,98.21397713,53.49846691,8.284046707,1.321706272
B11,3,3,108,219.38,P332,AG29XF5,AG,80.50928257,42.85603473,7.133237273,1.97338503
B11,3,4,116,219.38,P356,LG3216,LG3216,77.31889971,39.7463341,7.938215483,2.459988913
B11,4,0,84,230.62,P261,AG35XF5,AG,61.43371006,33.71516365,6.928585735,1.40160149
B11,4,1,92,230.62,P285,LG3216,LG3216,98.39098089,52.8189988,8.303709832,1.648865751
B11,4,2,100,230.62,P309,AG29XF4,AG,64.12010737,35.65629662,6.637491711,2.61721862
B11,4,3,108,230.62,P333,LG3216,LG3216,61.64316373,32.06460584,6.511175514,2.237134923
B11,4,4,116,230.62,P357,AG34XF6,AG,69.84266446,37.5358745,6.868625871,1.99063985
B11,5,0,84,241.88,P262,LG3216,LG3216,62.62121736,34.38964609,7.48137471,2.553927512
B11,5,1,92,241.88,P286,AG36XF4,AG,78.2047137,43.88522608,7.637507948,2.039925569
B11,5,2,100,241.88,P310,LG3216,LG3216,80.64351205,45.00973633,7.137129737,2.621747525
B11,5,3,108,241.88,P334,AG40XFF5,AG,72.50279796,38.01605421,7.251778963,1.847403773
B11,5,4,116,241.88,P358,LG3216,LG3216,62.0384193,34.55952634,6.763331461,2.649921944
B11,6,0,84,253.12,P263,AG34XF6,AG,64.46401473,34.89136431,6.841696991,1.835502159
B11,6,1,92,253.12,P287,LG3216,LG3216,75.38017512,42.42787204,7.195115291,2.011006272
B11,6,2,100,253.12,P311,AG38XF6,AG,62.42113803,34.80465483,7.06604448,2.372336409
B11,6,3,108,253.12,P335,LG3216,LG3216,87.92758902,46.15781109,8.525243936,2.455891733
B11,6,4,116,253.12,P359,AG36XF4,AG,68.28082166,37.01421979,6.99761903,2.021810003
B11,7,0,84,264.38,P264,LG3216,LG3216,72.08286275,39.93254222,6.657570734,2.374032113
B11,7,1,92,264.38,P288,AG35XF5,AG,75.76503109,43.0030025,7.902777124,2.200675105
B11,7,2,100,264.38,P312,LG3216,LG3216,76.66438532,42.26678769,7.415202296,2.336194206
B11,7,3,108,264.38,P336,AG29XF5,AG,60.06642831,34.57787853,7.243035344,1.839469552
B11,7,4,116,264.38,P360,LG3216,LG3216,64.48281484,36.16127549,7.205995019,2.342775454
B12,0,0,124,185.62,P377,LD20-4988,LD,94.51058255,52.09852127,7.479371211,1.773035804
B12,0,1,132,185.62,P401,AG29XF4,AG,60.0493225,33.68926896,6.429468332,2.359129413
B12,0,2,140,185.62,P425,LD11-2170,LD,80.32669423,46.78871226,6.597186573,1.969905964
B12,0,3,148,185.62,P449,AG29XF5,AG,79.58008026,45.60542557,7.94942162,2.069051133
B12,0,4,156,185.62,P473,LD20-5738,LD,73.32376644,38.46762352,7.837020027,1.755900993
B12,1,0,124,196.88,P378,AG29XF5,AG,77.25308081,41.16069189,7.15415107,2.150770324
B12,1,1,132,196.88,P402,LD20-4542,LD,91.2232455,53.25604021,8.465374866,1.579186639
B12,1,2,140,196.88,P426,AG29XF4,AG,93.64814825,50.1583862,6.596418368,2.238582245
B12,1,3,148,196.88,P450,LD20-4471,LD,70.41394174,36.66545867,6.45927225,2.634090885
B12,1,4,156,196.88,P474,AG29XF5,AG,72.89961764,39.1072947,8.351511304,2.155246129
B12,2,0,124,208.12,P379,LD20-5413,LD,69.69931412,38.9857823,7.663628987,2.496821483
B12,2,1,132,208.12,P403,AG29XF4,AG,79.19453602,43.67038138,6.543279193,1.912115177
B12,2,2,140,208.12,P427,LD21-5253,LD,87.33033431,48.21898327,8.875960878,1.997266187
B12,2,3,148,208.12,P451,AG29XF4,AG,69.13011502,36.88817154,6.979176634,2.116469384
B12,2,4,156,208.12,P475,LD22-4283,LD,73.22942968,40.0318571,7.654070832,2.060534955
B12,3,0,124,219.38,P380,AG29XF5,AG,97.2153847,52.01758806,8.465666567,1.577590386
B12,3,1,132,219.38,P404,LD21-7234,LD,61.94277159,36.7967487,7.372923658,2.153841031
B12,3,2,140,219.38,P428,AG29XF5,AG,78.43078421,43.7275965,6.486891324,2.266026852
B12,3,3,148,219.38,P452,LD20-5738,LD,88.46232166,49.48632349,7.55626105,2.106995938
B12,3,4,156,219.38,P476,AG29XF4,AG,66.01816046,35.41612262,7.289510421,2.021957804
B12,4,0,124,230.62,P381,LD20-4542,LD,61.8949608,34.39265998,6.829470864,2.480144163
B12,4,1,132,230.62,P405,AG29XF5,AG,65.52821487,35.62922151,7.086641628,1.78702059
B12,4,2,140,230.62,P429,LD21-7234,LD,96.75292774,50.77565591,7.585452152,1.601266145
B12,4,3,148,230.62,P453,AG29XF4,AG,60.37039127,31.67122086,6.808249556,2.436122679
B12,4,4,156,230.62,P477,LD20-4471,LD,67.53287899,35.12450458,7.175417168,2.782857734
B12,5,0,124,241.88,P382,AG29XF4,AG,61.25134052,31.60975605,7.456227785,2.391593643
B12,5,1,132,241.88,P406,LD22-4283,LD,64.4251787,35.63865708,8.149402659,1.958956783
B12,5,2,140,241.88,P430,AG29XF5,AG,84.80597147,48.72186531,7.84163625,1.769492019
B12,5,3,148,241.88,P454,LD20-5413,LD,69.66555635,38.34734377,6.515706348,2.288722654
B12,5,4,156,241.88,P478,AG29XF5,AG,82.76848202,46.87760041,8.06817584,1.639201213
B12,6,0,124,253.12,P383,LD11-2170,LD,83.60781531,46.98812804,7.281286768,2.09820825
B12,6,1,132,253.12,P407,AG29XF4,AG,93.97741332,53.36416718,7.38409961,2.240191195
B12,6,2,140,253.12,P431,LD21-5253,LD,60.18965572,33.19603931,6.983165932,2.512183139
B12,6,3,148,253.12,P455,AG29XF5,AG,94.13477837,52.36052147,8.036625576,1.996969116
B12,6,4,156,253.12,P479,LD20-4988,LD,84.76476346,48.13820233,8.673302039,1.4051689
B12,7,0,124,264.38,P384,AG29XF4,AG,66.50973944,36.09686669,6.481854995,2.096298103
B12,7,1,132,264.38,P408,LD11-2170,LD,90.91749553,51.87070627,7.986939627,1.473988701
B12,7,2,140,264.38,P432,AG29XF5,AG,94.21966167,53.19311948,7.609963118,2.1434325
B12,7,3,148,264.38,P456,LD20-4471,LD,70.17053935,37.68223148,7.157457466,2.039262668
B12,7,4,156,264.38,P480,AG29XF4,AG,96.75174724,51.28705765,7.440763726,2.313753617
